"Category";"Name";"Postcode";"Full address";"Search keywords";"Latitude";"Longitude";"Ordering";"Active";"Created at";"Updated at"
"Airports";"Aberdeen International Airport";"AB21 7DU";"Dyce, Aberdeen AB21 7DU Aberdeen International Airport";"Aberdeen, Aberdeen International Airport, Aberdeen Aberdeen, Aberdeen International Airport, Aberdeen Airport, aberdeen, scotland airport, scotland";"57.200493";"-2.204897";"0";"Yes";"28/02/2025 12:11";""
"Airports";"Belfast International Airport";"BT29 4AB";"Airport Rd, Crumlin BT29 4AB Belfast International Airport";"Belfast, Belfast International Airport, Belfast airport";"54.657917";"-6.221205";"0";"Yes";"28/02/2025 12:02";""
"Airports";"Biggin Hill Airport";"TN16 3BH";"Biggin Hill Airport, TN16 3BH";"";"";"";"0";"Yes";"04/01/2025 23:20";""
"Airports";"Birmingham Airport";"B26 3QJ";"Birmingham B26 3QJ Birmingham Airport";"Birmingham, Birmingham Airport, bham, birm,";"52.451299";"-1.731056";"0";"Yes";"28/02/2025 11:58";""
"Airports";"Birmingham International  Airport";"B26 3QJ";"Birmingham International  Airport, B26 3QJ";"";"";"";"0";"Yes";"04/01/2025 23:20";""
"Airports";"Blackpool Airport";"FY4 2QY";"Squires Gate Ln, Blackpool FY4 2QY Blackpool Airport";"Blackpool Airport, Blackpool";"53.778242";"-3.042925";"0";"Yes";"28/02/2025 12:26";""
"Airports";"Bournemouth Airport";"BH23 6SE";"Parley Ln, Christchurch BH23 6SE Bournemouth Airport";"Bournemouth Airport, Bournemouth, airport bournemouth";"50.777551";"-1.832283";"0";"Yes";"28/02/2025 12:23";""
"Airports";"Bristol Airport";"BS48 3DY";"Bristol Airport, BS48 3DY";"";"";"";"0";"Yes";"04/01/2025 23:20";""
"Airports";"Bristol Airport";"BS48 3DY";"Bristol BS48 3DY Bristol Airport";"Bristol Airport, Bristol, bristol city,";"51.385858";"-2.71284";"0";"Yes";"28/02/2025 12:18";""
"Airports";"City Airport";"E16 2PX";"City Airport, E16 2PX";"";"";"";"0";"Yes";"04/01/2025 23:20";""
"Airports";"Coventry Airport Limited";"CV3 4FR";"Control Tower, Rowley Rd, Coventry CV3 4FR Coventry Airport Limited";"Coventry Airport Limited, Coventry airport";"52.37319";"-1.478985";"0";"Yes";"28/02/2025 12:25";""
"Airports";"Denham Aerodrome";"UB9 5DF";"Denham Aerodrome, UB9 5DF";"";"";"";"0";"Yes";"04/01/2025 23:20";""
"Airports";"East Midlands Airport";"DE74 2SA";"Castle Donington, Derby DE74 2SA";"East Midlands Airport";"52.824724";"-1.331345";"0";"Yes";"28/02/2025 11:42";""
"Airports";"Edinburgh Airport";"EH12 9DN";"Edinburgh EH12 9DN Edinburgh Airport";"Edinburgh, Edinburgh airport, scotland airport, scotland";"55.945621";"-3.364203";"0";"Yes";"28/02/2025 11:56";""
"Airports";"Farnborough Airport";"GU14 6XA";"Farnborough Airport, GU14 6XA";"";"";"";"0";"Yes";"04/01/2025 23:20";""
"Airports";"Gatwick North Terminal";"RH6 0PJ";"Gatwick North, RH6 0PJ";"LGW, London Gatwick";"51.161118";"-0.177591";"0";"Yes";"04/01/2025 23:20";""
"Airports";"Gatwick South Terminal";"RH6 0NP";"Gatwick South, RH6 0NP";"LGW, London Gatwick";"51.155991";"-0.163049";"0";"Yes";"04/01/2025 23:20";""
"Airports";"George Best Belfast City Airport";"BT3 9JH";"Belfast Rd, Belfast BT3 9JH George Best Belfast City Airport";"George Best Belfast City Airport, belfast airport, belfast city airport, george, george best airport, northern island,";"54.616919";"-5.871162";"0";"Yes";"28/02/2025 12:13";""
"Airports";"Glasgow Airport";"PA3 2ST";"Glasgow, Paisley PA3 2ST Glasgow Airport";"Glasgow, Glasgow Airport, scotland airport, scotland, paisley";"55.864572";"-4.432246";"0";"Yes";"28/02/2025 12:00";""
"Airports";"Heathrow Terminal 1";"TW6 1AP";"Terminal 1, Hounslow, TW6 1AP";"";"51.472385";"-0.450959";"0";"Yes";"04/01/2025 23:20";""
"Airports";"Heathrow Terminal 2";"TW6 1EW";"Terminal 2, Hounslow, TW6 1EW";"";"51.469707";"-0.451842";"0";"Yes";"04/01/2025 23:20";""
"Airports";"Heathrow Terminal 3";"TW6 1QG";"Terminal 3, Hounslow, TW6 1QG";"";"51.47036";"-0.458471";"0";"Yes";"04/01/2025 23:20";""
"Airports";"Heathrow Terminal 4";"TW6 3XA";"Heathrow Terminal 4, TW6 3XA";"";"";"";"0";"Yes";"04/01/2025 23:20";""
"Airports";"Heathrow Terminal 5";"TW6 2GA";"Heathrow Terminal 5, TW6 2GA";"";"";"";"0";"Yes";"04/01/2025 23:20";""
"Airports";"Leeds Bradford Airport";"LS19 7TU";"Whitehouse Ln, Yeadon, Leeds LS19 7TU Leeds Bradford Airport";"Leeds Bradford Airport, Bradford Airport, Leeds Airport, bradford, leeds";"53.870365";"-1.662777";"0";"Yes";"28/02/2025 12:08";""
"Airports";"Liverpool John Lennon Airport";"L24 1YD";"Speke Hall Ave, Speke, Liverpool L24 1YD Liverpool John Lennon Airport";"Liverpool John Lennon Airport, Liverpool Airport, John Lennon Airport, Lennon Airport, liverpool international airport";"53.337276";"-2.855451";"0";"Yes";"28/02/2025 12:07";""
"Airports";"London City Airport";"E16 2PX";"Hartmann Rd, London E16 2PX London City Airport";"London City Airport, London Airport, london, city airport, airport london";"51.504177";"0.057924";"0";"Yes";"28/02/2025 12:17";""
"Airports";"London Gatwick Aiport";"RH6 0NP";"Horley, Gatwick RH6 0NP London Gatwick Airport,";"London, london airport, gatwick, london gatwick airport";"51.157925";"-0.163917";"0";"Yes";"28/02/2025 11:49";""
"Airports";"London Heathrow Airport";"TW6 1QG";"Hounslow Heathrow Airport,TW6 1QG";"Heathrow, London airport, london heathrow airport";"51.471907";"-0.458327";"0";"Yes";"28/02/2025 11:47";""
"Airports";"London Luton Airport";"LU2 9LY";"Airport Way, Luton LU2 9LY London Luton Airport";"London airport, london, luton airport, london luton airport";"51.877831";"-0.376314";"0";"Yes";"28/02/2025 11:54";""
"Airports";"London Southend Airport";"SS2 6YF";"Eastwoodbury Cres, Southend-on-Sea SS2 6YF London Southend Airport";"London Southend Airport, London airport, southend airport, southend, london, airport southend, airport london";"51.567695";"0.699104";"0";"Yes";"28/02/2025 12:20";""
"Airports";"London Stansted Airport";"CM24 1QW";"Bassingbourn Rd, Stansted CM24 1QW London Stansted Airport";"london, stansted airport, stanstead airport, london airport, london stansted airport";"51.888194";"0.258396";"0";"Yes";"28/02/2025 11:52";""
"Airports";"Luton Ariport";"LU2 9QT";"Luton Ariport, LU2 9QT";"";"";"";"0";"Yes";"04/01/2025 23:20";""
"Airports";"Manchester airport";"M90 1QX";"Manchester airport";"";"53.361881";"-2.27084";"0";"No";"28/02/2025 10:01";"06/02/2026 15:59"
"Airports";"Manchester Airport";"M90 1QX";"Manchester Airport M90 1QX";"Manchester Airport";"53.361897";"-2.27084";"0";"Yes";"28/02/2025 11:40";""
"Airports";"Newcastle International Airport";"NE13 8BZ";"Woolsington, Newcastle upon Tyne NE13 8BZ";"Newcastle International Airport, Newcastle Airport, Newcastle, Upon Tyne";"55.036913";"-1.710037";"0";"Yes";"28/02/2025 12:04";""
"Airports";"Ruislip Military Airport";"HA4 6NG";"Ruislip Military Airport, HA4 6NG";"";"";"";"0";"Yes";"04/01/2025 23:20";""
"Airports";"Southampton Airport";"SO18 2NL";"Southampton Airport, SO18 2NL";"";"";"";"0";"Yes";"04/01/2025 23:20";""
"Airports";"Southampton Airport";"SO18 2NL";"Southampton SO18 2NL Southampton Airport";"Southampton Airport, Southampton, airport southampton";"50.950365";"-1.361569";"0";"Yes";"28/02/2025 12:22";""
"Airports";"Southend Airport";"SS2 6YF";"Southend Airport, SS2 6YF";"";"";"";"0";"Yes";"04/01/2025 23:20";""
"Airports";"Stansted Airport";"CM24 1QW";"Stansted Airport, CM24 1QW";"";"";"";"0";"Yes";"04/01/2025 23:20";""
"Cruise Ports";"Dover Cruise Port";"CT17 9EQ";"Dover Cruise Port, CT17 9EQ";"";"";"";"0";"Yes";"04/01/2025 23:20";""
"Cruise Ports";"Harwich International Cruise Port";"CO12 4SR";"Harwich International Cruise Port, CO12 4SR";"";"";"";"0";"Yes";"04/01/2025 23:20";""
"Cruise Ports";"Portsmouth Cruise Port";"PO2 8SP";"Portsmouth Cruise Port, PO2 8SP";"";"";"";"0";"Yes";"04/01/2025 23:20";""
"Cruise Ports";"Southampton Cruise Port";"SO15 1BS";"Southampton Cruise Port, SO15 1BS";"";"";"";"0";"Yes";"04/01/2025 23:20";""
"Address";"Sheffield";"S5 7TB";"Sheffield";"";"53.423506";"-1.460802";"0";"Yes";"28/02/2025 10:00";""
"Post code";"CR0";"CR0";"CR0";"";"";"";"0";"Yes";"04/01/2025 23:20";""
"Post code";"CR1";"CR1";"CR1";"";"";"";"0";"Yes";"04/01/2025 23:20";""
"Post code";"CR2";"CR2";"CR2";"";"";"";"0";"Yes";"04/01/2025 23:20";""
"Post code";"CR3";"CR3";"CR3";"";"";"";"0";"Yes";"04/01/2025 23:20";""
"Post code";"CR4";"CR4";"CR4";"";"";"";"0";"Yes";"04/01/2025 23:20";""
"Post code";"CR5";"CR5";"CR5";"";"";"";"0";"Yes";"04/01/2025 23:20";""
"Post code";"CR6";"CR6";"CR6";"";"";"";"0";"Yes";"04/01/2025 23:20";""
"Post code";"CR7";"CR7";"CR7";"";"";"";"0";"Yes";"04/01/2025 23:20";""
"Post code";"CR8";"CR8";"CR8";"";"";"";"0";"Yes";"04/01/2025 23:20";""
"Post code";"E1";"E1";"E1";"";"";"";"0";"Yes";"04/01/2025 23:20";""
"Post code";"E10";"E10";"E10";"";"";"";"0";"Yes";"04/01/2025 23:20";""
"Post code";"E11";"E11";"E11";"";"";"";"0";"Yes";"04/01/2025 23:20";""
"Post code";"E12";"E12";"E12";"";"";"";"0";"Yes";"04/01/2025 23:20";""
"Post code";"E13";"E13";"E13";"";"";"";"0";"Yes";"04/01/2025 23:20";""
"Post code";"E14";"E14";"E14";"";"";"";"0";"Yes";"04/01/2025 23:20";""
"Post code";"E15";"E15";"E15";"";"";"";"0";"Yes";"04/01/2025 23:20";""
"Post code";"E16";"E16";"E16";"";"";"";"0";"Yes";"04/01/2025 23:20";""
"Post code";"E17";"E17";"E17";"";"";"";"0";"Yes";"04/01/2025 23:20";""
"Post code";"E18";"E18";"E18";"";"";"";"0";"Yes";"04/01/2025 23:20";""
"Post code";"E2";"E2";"E2";"";"";"";"0";"Yes";"04/01/2025 23:20";""
"Post code";"E3";"E3";"E3";"";"";"";"0";"Yes";"04/01/2025 23:20";""
"Post code";"E4";"E4";"E4";"";"";"";"0";"Yes";"04/01/2025 23:20";""
"Post code";"E5";"E5";"E5";"";"";"";"0";"Yes";"04/01/2025 23:20";""
"Post code";"E6";"E6";"E6";"";"";"";"0";"Yes";"04/01/2025 23:20";""
"Post code";"E7";"E7";"E7";"";"";"";"0";"Yes";"04/01/2025 23:20";""
"Post code";"E8";"E8";"E8";"";"";"";"0";"Yes";"04/01/2025 23:20";""
"Post code";"E9";"E9";"E9";"";"";"";"0";"Yes";"04/01/2025 23:20";""
"Post code";"EC1";"EC1";"EC1";"";"";"";"0";"Yes";"04/01/2025 23:20";""
"Post code";"EC2";"EC2";"EC2";"";"";"";"0";"Yes";"04/01/2025 23:20";""
"Post code";"EC3";"EC3";"EC3";"";"";"";"0";"Yes";"04/01/2025 23:20";""
"Post code";"EC4";"EC4";"EC4";"";"";"";"0";"Yes";"04/01/2025 23:20";""
"Post code";"HA0";"HA0";"HA0";"";"";"";"0";"Yes";"04/01/2025 23:20";""
"Post code";"HA1";"HA1";"HA1";"";"";"";"0";"Yes";"04/01/2025 23:20";""
"Post code";"HA2";"HA2";"HA2";"";"";"";"0";"Yes";"04/01/2025 23:20";""
"Post code";"HA3";"HA3";"HA3";"";"";"";"0";"Yes";"04/01/2025 23:20";""
"Post code";"HA4";"HA4";"HA4";"";"";"";"0";"Yes";"04/01/2025 23:20";""
"Post code";"HA5";"HA5";"HA5";"";"";"";"0";"Yes";"04/01/2025 23:20";""
"Post code";"HA6";"HA6";"HA6";"";"";"";"0";"Yes";"04/01/2025 23:20";""
"Post code";"HA7";"HA7";"HA7";"";"";"";"0";"Yes";"04/01/2025 23:20";""
"Post code";"HA8";"HA8";"HA8";"";"";"";"0";"Yes";"04/01/2025 23:20";""
"Post code";"HP1";"HP1";"HP1";"";"";"";"0";"Yes";"04/01/2025 23:20";""
"Post code";"HP2";"HP2";"HP2";"";"";"";"0";"Yes";"04/01/2025 23:20";""
"Post code";"HP3";"HP3";"HP3";"";"";"";"0";"Yes";"04/01/2025 23:20";""
"Post code";"HP4";"HP4";"HP4";"";"";"";"0";"Yes";"04/01/2025 23:20";""
"Post code";"HP5";"HP5";"HP5";"";"";"";"0";"Yes";"04/01/2025 23:20";""
"Post code";"HP6";"HP6";"HP6";"";"";"";"0";"Yes";"04/01/2025 23:20";""
"Post code";"HP7";"HP7";"HP7";"";"";"";"0";"Yes";"04/01/2025 23:20";""
"Post code";"HP8";"HP8";"HP8";"";"";"";"0";"Yes";"04/01/2025 23:20";""
"Post code";"HP9";"HP9";"HP9";"";"";"";"0";"Yes";"04/01/2025 23:20";""
"Post code";"KT1";"KT1";"KT1";"";"";"";"0";"Yes";"04/01/2025 23:20";""
"Post code";"KT10";"KT10";"KT10";"";"";"";"0";"Yes";"04/01/2025 23:20";""
"Post code";"KT11";"KT11";"KT11";"";"";"";"0";"Yes";"04/01/2025 23:20";""
"Post code";"KT12";"KT12";"KT12";"";"";"";"0";"Yes";"04/01/2025 23:20";""
"Post code";"KT13";"KT13";"KT13";"";"";"";"0";"Yes";"04/01/2025 23:20";""
"Post code";"KT14";"KT14";"KT14";"";"";"";"0";"Yes";"04/01/2025 23:20";""
"Post code";"KT15";"KT15";"KT15";"";"";"";"0";"Yes";"04/01/2025 23:20";""
"Post code";"KT16";"KT16";"KT16";"";"";"";"0";"Yes";"04/01/2025 23:20";""
"Post code";"KT17";"KT17";"KT17";"";"";"";"0";"Yes";"04/01/2025 23:20";""
"Post code";"KT18";"KT18";"KT18";"";"";"";"0";"Yes";"04/01/2025 23:20";""
"Post code";"KT19";"KT19";"KT19";"";"";"";"0";"Yes";"04/01/2025 23:20";""
"Post code";"KT2";"KT2";"KT2";"";"";"";"0";"Yes";"04/01/2025 23:20";""
"Post code";"KT20";"KT20";"KT20";"";"";"";"0";"Yes";"04/01/2025 23:20";""
"Post code";"KT21";"KT21";"KT21";"";"";"";"0";"Yes";"04/01/2025 23:20";""
"Post code";"KT22";"KT22";"KT22";"";"";"";"0";"Yes";"04/01/2025 23:20";""
"Post code";"KT23";"KT23";"KT23";"";"";"";"0";"Yes";"04/01/2025 23:20";""
"Post code";"KT24";"KT24";"KT24";"";"";"";"0";"Yes";"04/01/2025 23:20";""
"Post code";"KT3";"KT3";"KT3";"";"";"";"0";"Yes";"04/01/2025 23:20";""
"Post code";"KT4";"KT4";"KT4";"";"";"";"0";"Yes";"04/01/2025 23:20";""
"Post code";"KT5";"KT5";"KT5";"";"";"";"0";"Yes";"04/01/2025 23:20";""
"Post code";"KT6";"KT6";"KT6";"";"";"";"0";"Yes";"04/01/2025 23:20";""
"Post code";"KT7";"KT7";"KT7";"";"";"";"0";"Yes";"04/01/2025 23:20";""
"Post code";"KT8";"KT8";"KT8";"";"";"";"0";"Yes";"04/01/2025 23:20";""
"Post code";"KT9";"KT9";"KT9";"";"";"";"0";"Yes";"04/01/2025 23:20";""
"Post code";"N1";"N1";"N1";"";"";"";"0";"Yes";"04/01/2025 23:20";""
"Post code";"N10";"N10";"N10";"";"";"";"0";"Yes";"04/01/2025 23:20";""
"Post code";"N11";"N11";"N11";"";"";"";"0";"Yes";"04/01/2025 23:20";""
"Post code";"N12";"N12";"N12";"";"";"";"0";"Yes";"04/01/2025 23:20";""
"Post code";"N13";"N13";"N13";"";"";"";"0";"Yes";"04/01/2025 23:20";""
"Post code";"N14";"N14";"N14";"";"";"";"0";"Yes";"04/01/2025 23:20";""
"Post code";"N15";"N15";"N15";"";"";"";"0";"Yes";"04/01/2025 23:20";""
"Post code";"N16";"N16";"N16";"";"";"";"0";"Yes";"04/01/2025 23:20";""
"Post code";"N17";"N17";"N17";"";"";"";"0";"Yes";"04/01/2025 23:20";""
"Post code";"N18";"N18";"N18";"";"";"";"0";"Yes";"04/01/2025 23:20";""
"Post code";"N19";"N19";"N19";"";"";"";"0";"Yes";"04/01/2025 23:20";""
"Post code";"N2";"N2";"N2";"";"";"";"0";"Yes";"04/01/2025 23:20";""
"Post code";"N20";"N20";"N20";"";"";"";"0";"Yes";"04/01/2025 23:20";""
"Post code";"N21";"N21";"N21";"";"";"";"0";"Yes";"04/01/2025 23:20";""
"Post code";"N22";"N22";"N22";"";"";"";"0";"Yes";"04/01/2025 23:20";""
"Post code";"N3";"N3";"N3";"";"";"";"0";"Yes";"04/01/2025 23:20";""
"Post code";"N4";"N4";"N4";"";"";"";"0";"Yes";"04/01/2025 23:20";""
"Post code";"N5";"N5";"N5";"";"";"";"0";"Yes";"04/01/2025 23:20";""
"Post code";"N6";"N6";"N6";"";"";"";"0";"Yes";"04/01/2025 23:20";""
"Post code";"N7";"N7";"N7";"";"";"";"0";"Yes";"04/01/2025 23:20";""
"Post code";"N8";"N8";"N8";"";"";"";"0";"Yes";"04/01/2025 23:20";""
"Post code";"N9";"N9";"N9";"";"";"";"0";"Yes";"04/01/2025 23:20";""
"Post code";"NW1";"NW1";"NW1";"";"";"";"0";"Yes";"04/01/2025 23:20";""
"Post code";"NW2";"NW2";"NW2";"";"";"";"0";"Yes";"04/01/2025 23:20";""
"Post code";"NW3";"NW3";"NW3";"";"";"";"0";"Yes";"04/01/2025 23:20";""
"Post code";"NW4";"NW4";"NW4";"";"";"";"0";"Yes";"04/01/2025 23:20";""
"Post code";"NW5";"NW5";"NW5";"";"";"";"0";"Yes";"04/01/2025 23:20";""
"Post code";"NW6";"NW6";"NW6";"";"";"";"0";"Yes";"04/01/2025 23:20";""
"Post code";"NW7";"NW7";"NW7";"";"";"";"0";"Yes";"04/01/2025 23:20";""
"Post code";"NW8";"NW8";"NW8";"";"";"";"0";"Yes";"04/01/2025 23:20";""
"Post code";"SE1";"SE1";"SE1";"";"";"";"0";"Yes";"04/01/2025 23:20";""
"Post code";"SE10";"SE10";"SE10";"";"";"";"0";"Yes";"04/01/2025 23:20";""
"Post code";"SE11";"SE11";"SE11";"";"";"";"0";"Yes";"04/01/2025 23:20";""
"Post code";"SE12";"SE12";"SE12";"";"";"";"0";"Yes";"04/01/2025 23:20";""
"Post code";"SE13";"SE13";"SE13";"";"";"";"0";"Yes";"04/01/2025 23:20";""
"Post code";"SE14";"SE14";"SE14";"";"";"";"0";"Yes";"04/01/2025 23:20";""
"Post code";"SE15";"SE15";"SE15";"";"";"";"0";"Yes";"04/01/2025 23:20";""
"Post code";"SE16";"SE16";"SE16";"";"";"";"0";"Yes";"04/01/2025 23:20";""
"Post code";"SE17";"SE17";"SE17";"";"";"";"0";"Yes";"04/01/2025 23:20";""
"Post code";"SE18";"SE18";"SE18";"";"";"";"0";"Yes";"04/01/2025 23:20";""
"Post code";"SE19";"SE19";"SE19";"";"";"";"0";"Yes";"04/01/2025 23:20";""
"Post code";"SE2";"SE2";"SE2";"";"";"";"0";"Yes";"04/01/2025 23:20";""
"Post code";"SE20";"SE20";"SE20";"";"";"";"0";"Yes";"04/01/2025 23:20";""
"Post code";"SE21";"SE21";"SE21";"";"";"";"0";"Yes";"04/01/2025 23:20";""
"Post code";"SE22";"SE22";"SE22";"";"";"";"0";"Yes";"04/01/2025 23:20";""
"Post code";"SE23";"SE23";"SE23";"";"";"";"0";"Yes";"04/01/2025 23:20";""
"Post code";"SE24";"SE24";"SE24";"";"";"";"0";"Yes";"04/01/2025 23:20";""
"Post code";"SE25";"SE25";"SE25";"";"";"";"0";"Yes";"04/01/2025 23:20";""
"Post code";"SE26";"SE26";"SE26";"";"";"";"0";"Yes";"04/01/2025 23:20";""
"Post code";"SE27";"SE27";"SE27";"";"";"";"0";"Yes";"04/01/2025 23:20";""
"Post code";"SE28";"SE28";"SE28";"";"";"";"0";"Yes";"04/01/2025 23:20";""
"Post code";"SE3";"SE3";"SE3";"";"";"";"0";"Yes";"04/01/2025 23:20";""
"Post code";"SE4";"SE4";"SE4";"";"";"";"0";"Yes";"04/01/2025 23:20";""
"Post code";"SE5";"SE5";"SE5";"";"";"";"0";"Yes";"04/01/2025 23:20";""
"Post code";"SE6";"SE6";"SE6";"";"";"";"0";"Yes";"04/01/2025 23:20";""
"Post code";"SE7";"SE7";"SE7";"";"";"";"0";"Yes";"04/01/2025 23:20";""
"Post code";"SE8";"SE8";"SE8";"";"";"";"0";"Yes";"04/01/2025 23:20";""
"Post code";"SE9";"SE9";"SE9";"";"";"";"0";"Yes";"04/01/2025 23:20";""
"Post code";"SL1";"SL1";"SL1";"";"";"";"0";"Yes";"04/01/2025 23:20";""
"Post code";"SL2";"SL2";"SL2";"";"";"";"0";"Yes";"04/01/2025 23:20";""
"Post code";"SL3";"SL3";"SL3";"";"";"";"0";"Yes";"04/01/2025 23:20";""
"Post code";"SL4";"SL4";"SL4";"";"";"";"0";"Yes";"04/01/2025 23:20";""
"Post code";"SL5";"SL5";"SL5";"";"";"";"0";"Yes";"04/01/2025 23:20";""
"Post code";"SW1";"SW1";"SW1";"";"";"";"0";"Yes";"04/01/2025 23:20";""
"Post code";"SW10";"SW10";"SW10";"";"";"";"0";"Yes";"04/01/2025 23:20";""
"Post code";"SW11";"SW11";"SW11";"";"";"";"0";"Yes";"04/01/2025 23:20";""
"Post code";"SW12";"SW12";"SW12";"";"";"";"0";"Yes";"04/01/2025 23:20";""
"Post code";"SW13";"SW13";"SW13";"";"";"";"0";"Yes";"04/01/2025 23:20";""
"Post code";"SW14";"SW14";"SW14";"";"";"";"0";"Yes";"04/01/2025 23:20";""
"Post code";"SW15";"SW15";"SW15";"";"";"";"0";"Yes";"04/01/2025 23:20";""
"Post code";"SW16";"SW16";"SW16";"";"";"";"0";"Yes";"04/01/2025 23:20";""
"Post code";"SW17";"SW17";"SW17";"";"";"";"0";"Yes";"04/01/2025 23:20";""
"Post code";"SW18";"SW18";"SW18";"";"";"";"0";"Yes";"04/01/2025 23:20";""
"Post code";"SW19";"SW19";"SW19";"";"";"";"0";"Yes";"04/01/2025 23:20";""
"Post code";"SW2";"SW2";"SW2";"";"";"";"0";"Yes";"04/01/2025 23:20";""
"Post code";"SW20";"SW20";"SW20";"";"";"";"0";"Yes";"04/01/2025 23:20";""
"Post code";"SW3";"SW3";"SW3";"";"";"";"0";"Yes";"04/01/2025 23:20";""
"Post code";"SW4";"SW4";"SW4";"";"";"";"0";"Yes";"04/01/2025 23:20";""
"Post code";"SW5";"SW5";"SW5";"";"";"";"0";"Yes";"04/01/2025 23:20";""
"Post code";"SW6";"SW6";"SW6";"";"";"";"0";"Yes";"04/01/2025 23:20";""
"Post code";"SW7";"SW7";"SW7";"";"";"";"0";"Yes";"04/01/2025 23:20";""
"Post code";"SW8";"SW8";"SW8";"";"";"";"0";"Yes";"04/01/2025 23:20";""
"Post code";"SW9";"SW9";"SW9";"";"";"";"0";"Yes";"04/01/2025 23:20";""
"Post code";"TW1";"TW1";"TW1";"";"";"";"0";"Yes";"04/01/2025 23:20";""
"Post code";"TW10";"TW10";"TW10";"";"";"";"0";"Yes";"04/01/2025 23:20";""
"Post code";"TW11";"TW11";"TW11";"";"";"";"0";"Yes";"04/01/2025 23:20";""
"Post code";"TW12";"TW12";"TW12";"";"";"";"0";"Yes";"04/01/2025 23:20";""
"Post code";"TW13";"TW13";"TW13";"";"";"";"0";"Yes";"04/01/2025 23:20";""
"Post code";"TW14";"TW14";"TW14";"";"";"";"0";"Yes";"04/01/2025 23:20";""
"Post code";"TW15";"TW15";"TW15";"";"";"";"0";"Yes";"04/01/2025 23:20";""
"Post code";"TW16";"TW16";"TW16";"";"";"";"0";"Yes";"04/01/2025 23:20";""
"Post code";"TW17";"TW17";"TW17";"";"";"";"0";"Yes";"04/01/2025 23:20";""
"Post code";"TW18";"TW18";"TW18";"";"";"";"0";"Yes";"04/01/2025 23:20";""
"Post code";"TW19";"TW19";"TW19";"";"";"";"0";"Yes";"04/01/2025 23:20";""
"Post code";"TW2";"TW2";"TW2";"";"";"";"0";"Yes";"04/01/2025 23:20";""
"Post code";"TW20";"TW20";"TW20";"";"";"";"0";"Yes";"04/01/2025 23:20";""
"Post code";"TW3";"TW3";"TW3";"";"";"";"0";"Yes";"04/01/2025 23:20";""
"Post code";"TW4";"TW4";"TW4";"";"";"";"0";"Yes";"04/01/2025 23:20";""
"Post code";"TW5";"TW5";"TW5";"";"";"";"0";"Yes";"04/01/2025 23:20";""
"Post code";"TW6";"TW6";"TW6";"";"";"";"0";"Yes";"04/01/2025 23:20";""
"Post code";"TW7";"TW7";"TW7";"";"";"";"0";"Yes";"04/01/2025 23:20";""
"Post code";"TW8";"TW8";"TW8";"";"";"";"0";"Yes";"04/01/2025 23:20";""
"Post code";"TW9";"TW9";"TW9";"";"";"";"0";"Yes";"04/01/2025 23:20";""
"Post code";"UB1";"UB1";"UB1";"";"";"";"0";"Yes";"04/01/2025 23:20";""
"Post code";"UB10";"UB10";"UB10";"";"";"";"0";"Yes";"04/01/2025 23:20";""
"Post code";"UB2";"UB2";"UB2";"";"";"";"0";"Yes";"04/01/2025 23:20";""
"Post code";"UB3";"UB3";"UB3";"";"";"";"0";"Yes";"04/01/2025 23:20";""
"Post code";"UB4";"UB4";"UB4";"";"";"";"0";"Yes";"04/01/2025 23:20";""
"Post code";"UB5";"UB5";"UB5";"";"";"";"0";"Yes";"04/01/2025 23:20";""
"Post code";"UB6";"UB6";"UB6";"";"";"";"0";"Yes";"04/01/2025 23:20";""
"Post code";"UB7";"UB7";"UB7";"";"";"";"0";"Yes";"04/01/2025 23:20";""
"Post code";"UB8";"UB8";"UB8";"";"";"";"0";"Yes";"04/01/2025 23:20";""
"Post code";"UB9";"UB9";"UB9";"";"";"";"0";"Yes";"04/01/2025 23:20";""
"Post code";"W1";"W1";"W1";"";"";"";"0";"Yes";"04/01/2025 23:20";""
"Post code";"W10";"W10";"W10";"";"";"";"0";"Yes";"04/01/2025 23:20";""
"Post code";"W11";"W11";"W11";"";"";"";"0";"Yes";"04/01/2025 23:20";""
"Post code";"W12";"W12";"W12";"";"";"";"0";"Yes";"04/01/2025 23:20";""
"Post code";"W13";"W13";"W13";"";"";"";"0";"Yes";"04/01/2025 23:20";""
"Post code";"W14";"W14";"W14";"";"";"";"0";"Yes";"04/01/2025 23:20";""
"Post code";"W2";"W2";"W2";"";"";"";"0";"Yes";"04/01/2025 23:20";""
"Post code";"W3";"W3";"W3";"";"";"";"0";"Yes";"04/01/2025 23:20";""
"Post code";"W4";"W4";"W4";"";"";"";"0";"Yes";"04/01/2025 23:20";""
"Post code";"W5";"W5";"W5";"";"";"";"0";"Yes";"04/01/2025 23:20";""
"Post code";"W6";"W6";"W6";"";"";"";"0";"Yes";"04/01/2025 23:20";""
"Post code";"W7";"W7";"W7";"";"";"";"0";"Yes";"04/01/2025 23:20";""
"Post code";"W8";"W8";"W8";"";"";"";"0";"Yes";"04/01/2025 23:20";""
"Post code";"W9";"W9";"W9";"";"";"";"0";"Yes";"04/01/2025 23:20";""
"Post code";"WC1";"WC1";"WC1";"";"";"";"0";"Yes";"04/01/2025 23:20";""
